Invoice Token,Invoice Date,Time Zone,Invoice ID,Customer Name,Customer Email,Customer Phone,Invoice Title,Status,Requested Amount,Due Date,Last Payment Date,Amount Paid,Recurring Series ID,Invoice Delivery Method,Number of Installments,Tip Amount,Automatic Payment Source,Service date
inv:0-ChA-S9lAbfXI1KZ_aSSkwiewEKgM,12/11/2025,Eastern Time (US & Canada),#0203,Solo Blac,blacgottimusik@gmail.com,13059267052,,Overdue,$150.00 ,12/11/2025,,$0.00 ,,Share Manually,1,$0.00 ,None,12/13/2025
inv:0-ChAzq6_e-xRntjVnrac4DSuJEKgM,12/10/2025,Eastern Time (US & Canada),#0202,Christian,CHRISTIANDIDTHAT87@GMAIL.COM,,RUBY KOLD KALL EVENT PROMO,Canceled,$150.00 ,12/10/2025,,$0.00 ,,Share Manually,1,$0.00 ,None,12/17/2025
inv:0-ChCSwJ8DJKy9rHom8Qqv4IzbEKgM,12/10/2025,Eastern Time (US & Canada),#0200,Asia Grimsley,Grimsleyasia81@gmail.com,14042932898,,Overdue,"$1,498.00 ",12/10/2025,,$0.00 ,,Share Manually,1,$0.00 ,None,
inv:0-ChAYSUaHnh0diUR7xGswlvikEKgM,12/10/2025,Eastern Time (US & Canada),#0201,Corrie,,13524155864,Emerald Pageant Talent Package,Paid,$513.60 ,12/10/2025,12/11/2025,$513.60 ,,Share Manually,1,$0.00 ,None,12/13/2025
inv:0-ChD6SQcjiVUNFM_H--76tfsyEKgM,12/9/2025,Eastern Time (US & Canada),#0199,Martin Price,poweredbydex@gmail.com,18504084526,,Paid,$31.78 ,12/9/2025,12/9/2025,$31.78 ,,Share Manually,1,$0.00 ,None,
inv:0-ChDvEq2CZqvlrMAnLRGjwiMLEKgM,12/8/2025,Eastern Time (US & Canada),#0198,martin price,martinmjpricejr@gmail.com,18509642545,,Paid,$29.50 ,12/8/2025,12/8/2025,$29.50 ,,Share Manually,1,$0.00 ,None,
inv:0-ChB_U3Bfjahp8mzLWc0HvG1HEKgM,12/8/2025,Eastern Time (US & Canada),#0197,martin price,martinmjpricejr@gmail.com,18509642545,,Paid,$51.55 ,12/8/2025,12/8/2025,$51.55 ,,Share Manually,1,$0.00 ,None,
inv:0-ChCg44ylJ558wM95ceyZjKEzEKgM,12/8/2025,Eastern Time (US & Canada),#0196,martin price,martinmjpricejr@gmail.com,18509642545,,Paid,$40.00 ,12/8/2025,12/8/2025,$40.00 ,,Share Manually,1,$0.00 ,None,
inv:0-ChAxMexPxBlcMBrSnYVSVkunEKgM,11/29/2025,Eastern Time (US & Canada),#0195,martin price,martinmjpricejr@gmail.com,18509642545,,Paid,$42.00 ,11/29/2025,11/29/2025,$42.00 ,,Share Manually,1,$0.00 ,None,
inv:0-ChA8g6dR8m3Bynk5d1738j9REKgM,11/29/2025,Eastern Time (US & Canada),#0194,Mona,,13214742668,,Paid,$25.00 ,11/29/2025,11/29/2025,$25.00 ,,Text Message,1,$0.00 ,None,
inv:0-ChBgmnbHPB406MiA-ZbCx9q2EKgM,11/28/2025,Eastern Time (US & Canada),#0193,Martin Price,poweredbydex@gmail.com,18504084526,,Paid,$40.00 ,11/28/2025,11/28/2025,$40.00 ,,Share Manually,1,$0.00 ,None,
inv:0-ChAxRkFClxsLMmES37DE1bKAEKgM,11/16/2025,Eastern Time (US & Canada),#0192,martin price,martinmjpricejr@gmail.com,18509642545,,Paid,$4.93 ,11/16/2025,11/16/2025,$4.93 ,,Share Manually,1,$0.00 ,None,
inv:0-ChCVjkJOWDHmIMT-xpp8s04gEKgM,11/16/2025,Eastern Time (US & Canada),#0191,martin price,martinmjpricejr@gmail.com,18509642545,,Paid,$180.00 ,11/16/2025,11/16/2025,$180.00 ,,Share Manually,1,$0.00 ,None,
inv:0-ChCikOTdAlFFaYB_XvQ_ErV7EKgM,11/11/2025,Eastern Time (US & Canada),#0190,chop,,18502423420,2 Hour Content Session,Overdue,$225.00 ,11/11/2025,,$0.00 ,,Text Message,1,$0.00 ,None,
inv:0-ChC14QXY6zqgqPSGK4CRVY3MEKgM,11/9/2025,Eastern Time (US & Canada),#0189,Katherine Shrode,,18509336679,Super Sweet 16,Paid,$428.00 ,11/9/2025,11/10/2025,$428.00 ,,Text Message,1,$0.00 ,None,11/16/2025
inv:0-ChDZUWc62ogufm9TrXYi5aOsEKgM,11/1/2025,Eastern Time (US & Canada),#0188,Quez Williams,,12292895082,,Canceled,$275.00 ,11/1/2025,,$0.00 ,,Text Message,1,$0.00 ,None,
inv:0-ChBrXQ-uXTiMz4H5ShHEfs-WEKgM,10/31/2025,Eastern Time (US & Canada),#0187,Dylan Gibson,g2entandbooking@gmail.com,17727665405,,Canceled,$214.00 ,10/31/2025,,$0.00 ,,Text Message,1,$0.00 ,None,
inv:0-ChB1cJPBDDk2AMpW3ZM7PQ1JEKgM,10/31/2025,Eastern Time (US & Canada),#0186,Dylan Gibson,g2entandbooking@gmail.com,17727665405,,Canceled,$214.00 ,10/31/2025,,$0.00 ,,Email,1,$0.00 ,None,
inv:0-ChD8ChQnlBS_aFocPJ1r9rSrEKgM,10/31/2025,Eastern Time (US & Canada),#0185,Quez Williams,,12292895082,,Canceled,$275.00 ,10/31/2025,,$0.00 ,,Text Message,1,$0.00 ,None,
inv:0-ChCiCaX7Xm7v-AVZ_ftENg3tEKgM,10/28/2025,Eastern Time (US & Canada),#0184,Special Delivery ENT,,19046148795,,Canceled,$107.00 ,10/28/2025,,$0.00 ,,Text Message,1,$0.00 ,None,10/18/2025
inv:0-ChAxOMMk-1MRv-d2pjLB8K3yEKgM,10/28/2025,Eastern Time (US & Canada),#0167,Special Delivery ENT,,19046148795,,Paid,$107.00 ,10/3/2025,10/30/2025,$107.00 ,,Text Message,1,$0.00 ,None,10/18/2025
inv:0-ChCX6QrbFmUBOjmzgNDwMiKvEKgM,10/27/2025,Eastern Time (US & Canada),#0183,Jenelle,,12392437934,,Paid,$374.50 ,10/27/2025,10/28/2025,$374.50 ,,Text Message,1,$0.00 ,None,
inv:0-ChDSo9PRasPyzPdFsm4j_J5uEKgM,10/18/2025,Eastern Time (US & Canada),#0182,Devv,,19047613081,,Paid,$428.00 ,10/18/2025,10/18/2025,$428.00 ,,Text Message,1,$0.00 ,None,
inv:0-ChCZq5CctFJSATncVYenORZ5EKgM,10/16/2025,Eastern Time (US & Canada),#0181,Fat,,18502545473,,Paid,$15.00 ,10/16/2025,10/16/2025,$15.00 ,,Text Message,1,$0.00 ,None,
inv:0-ChACtfysnIJAh1kRcNdXxzqWEKgM,10/16/2025,Eastern Time (US & Canada),#0180,Fat,,18502545473,,Paid,$100.00 ,10/16/2025,10/16/2025,$100.00 ,,Text Message,1,$0.00 ,None,
inv:0-ChBKvH3Kd1MHGxYkuXB4YOvPEKgM,10/16/2025,Eastern Time (US & Canada),#0179,martin price,martinmjpricejr@gmail.com,18509642545,,Canceled,$250.00 ,10/16/2025,,$0.00 ,,Email,1,$0.00 ,None,
inv:0-ChCsNaOzJ5ZlBADJTIH2Zz-DEKgM,10/15/2025,Eastern Time (US & Canada),#0178,martin price,martinmjpricejr@gmail.com,18509642545,,Overdue,$50.00 ,10/15/2025,,$0.00 ,,Share Manually,1,$0.00 ,None,
inv:0-ChAy-Ammq4ZSR5vmLZ1yLuE-EKgM,10/13/2025,Eastern Time (US & Canada),#0177,Kennedy Moore,,18504916831,,Paid,$12.96 ,10/13/2025,10/13/2025,$12.96 ,,Text Message,1,$0.00 ,None,
inv:0-ChAHrQIzKmXvVRVZ_v6CHNDQEKgM,10/13/2025,Eastern Time (US & Canada),#0176,Luqskywalker,,18505591180,,Overdue,$214.00 ,11/12/2025,10/13/2025,$107.00 ,,Text Message,2,$0.00 ,None,10/17/2025
inv:0-ChDf8RarM-DLd_9wwcAKdOppEKgM,10/13/2025,Eastern Time (US & Canada),#0175,Chaz ChazamFans,,19546969636,,Refunded,$214.00 ,10/13/2025,10/13/2025,$214.00 ,,Text Message,1,$0.00 ,None,10/17/2025
inv:0-ChC-ZILMG9Kb_f4vN1QfUPbuEKgM,10/10/2025,Eastern Time (US & Canada),#0159,BatLivin,,17542818033,,Overdue,$963.00 ,10/18/2025,10/14/2025,$643.00 ,,Text Message,3,$0.00 ,None,
inv:0-ChCkDyhwteAjTepIygkAogz6EKgM,10/5/2025,Eastern Time (US & Canada),#0169,E&J BBQ,,18506615064,,Overdue,$187.25 ,11/12/2025,10/8/2025,$93.62 ,,Text Message,2,$0.00 ,None,
inv:0-ChBL1o_LEpImyJZ8GqM8HT3GEKgM,10/3/2025,Eastern Time (US & Canada),#0166,Special Delivery ENT,,19046148795,,Paid,$107.00 ,10/3/2025,10/12/2025,$107.00 ,,Text Message,1,$0.00 ,None,10/8/2025
inv:0-ChA_Co630rCWn4bKDZEDyL9OEKgM,9/27/2025,Eastern Time (US & Canada),#0165,Dai,,17867531204,,Paid,$107.00 ,9/27/2025,9/27/2025,$107.00 ,,Text Message,1,$0.00 ,None,
inv:0-ChCJo3TR-jkfZrJrqwQGpbF-EKgM,9/26/2025,Eastern Time (US & Canada),#0164,,,,Diamond Music Video,Draft,$250.00 ,,,$0.00 ,,Email,1,$0.00 ,None,
inv:0-ChCk0kBfDfcb0hSvxKtNa_uJEKgM,9/26/2025,Eastern Time (US & Canada),#0163,Arika,,14485001832,,Canceled,$107.00 ,9/26/2025,,$0.00 ,,Text Message,1,$0.00 ,None,9/30/2025
inv:0-ChCDsV5D3ebxb6oTfzgdZMlqEKgM,9/23/2025,Eastern Time (US & Canada),#0162,AH Phi Beta Sigma Fraternity Inc Treasurer,Brybry0716@icloud.com,,,Paid,$267.50 ,9/23/2025,9/23/2025,$267.50 ,,Email,1,$0.00 ,None,
inv:0-ChD6IO0G05_eUc1xBk5QfB18EKgM,9/23/2025,Eastern Time (US & Canada),#0161,BA Delta Sigma Theta Sorority Inc,badst.treasurer@gmail.com,,,Paid,$267.50 ,9/23/2025,10/10/2025,$267.50 ,,Email,1,$0.00 ,None,
inv:0-ChA2PoEO5NqBIcLWVxNo2_zaEKgM,9/18/2025,Eastern Time (US & Canada),#0160,Morgan,morgthecreative@outlook.com,12403777062,,Canceled,$267.50 ,9/18/2025,,$0.00 ,,Text Message,1,$0.00 ,None,
inv:0-ChDjFiPaqvTXDMyqCrksS2JuEKgM,9/17/2025,Eastern Time (US & Canada),#0158,Devv,,19047613081,,Canceled,$374.50 ,9/17/2025,,$0.00 ,,Text Message,1,$0.00 ,None,
inv:0-ChBs51OLllXMqj08JYll5-wJEKgM,9/17/2025,Eastern Time (US & Canada),#0157,Malli JamPackENT,unitedpackentertainment@gmail.com,17183501858,,Paid,$107.00 ,9/17/2025,9/17/2025,$107.00 ,,Email,1,$0.00 ,None,
inv:0-ChDi8BhMRf3efuDrdqWs1zVcEKgM,9/17/2025,Eastern Time (US & Canada),#0156,Dally JamPackENT,,17183501858,,Canceled,$107.00 ,9/17/2025,,$0.00 ,,Text Message,1,$0.00 ,None,
inv:0-ChBPxB_w0WSxiQMDA2DIQJfiEKgM,9/16/2025,Eastern Time (US & Canada),#0154,Datflowaman Solo Blac,,18503709974,,Paid,$214.00 ,9/15/2025,9/16/2025,$214.00 ,,Text Message,1,$0.00 ,None,9/16/2025
inv:0-ChB5noHEb-AObnF4sWAgDZfnEKgM,9/11/2025,Eastern Time (US & Canada),#0152,KJ,,14706058611,,Paid,$428.00 ,10/13/2025,9/14/2025,$428.00 ,,Text Message,2,$0.00 ,None,
inv:0-ChBV22BuuV87WUnVVhrdKPs9EKgM,9/6/2025,Eastern Time (US & Canada),#0151,Ashley Bigbee,,16784272207,,Paid,$267.50 ,9/6/2025,9/11/2025,$267.50 ,,Text Message,1,$0.00 ,None,
inv:0-ChBeQ9geO3awQxhwMkvRk3cmEKgM,8/27/2025,Eastern Time (US & Canada),#0149,Dylan Gibson,g2entandbooking@gmail.com,17727665405,,Paid,"$1,025.00 ",8/27/2025,8/27/2025,"$1,025.00 ",,Email,1,$0.00 ,None,
inv:0-ChAs3lUXus0cgFcIts9XvIFwEKgM,8/22/2025,Eastern Time (US & Canada),#0145,Dono,,18506737116,,Paid,$800.00 ,9/16/2025,9/18/2025,$800.00 ,,Text Message,2,$0.00 ,None,
inv:0-ChD0yteHBl8NA6TlE8QUcT8uEKgM,8/19/2025,Eastern Time (US & Canada),#0147,Corrie,,13524155864,,Paid,$428.00 ,8/19/2025,8/20/2025,$428.00 ,,Text Message,1,$0.00 ,None,8/24/2025
inv:0-ChC8r1Eu1GjNY91OTVty8of_EKgM,7/24/2025,Eastern Time (US & Canada),#0137,Dono,,18506737116,,Paid,$600.00 ,7/20/2025,7/24/2025,$600.00 ,,Text Message,1,$0.00 ,None,7/25/2025
inv:0-ChAJ7R637ULVC6qrYJFbleKNEKgM,7/1/2025,Eastern Time (US & Canada),#0138,Kendra Huntly,,17064026885,,Canceled,$371.00 ,7/1/2025,,$0.00 ,,Text Message,1,$0.00 ,None,
inv:0-ChCNLIiFpkGPkBT_LnhQNPQGEKgM,6/9/2025,Eastern Time (US & Canada),#0135,Kennedy Moore,,18504916831,,Paid,$15.00 ,6/9/2025,6/9/2025,$15.00 ,,Text Message,1,$0.00 ,None,
inv:0-ChA_nGNZ1Fx49Q1W_bMpLT01EKgM,6/6/2025,Eastern Time (US & Canada),#0134,martin price,martinmjpricejr@gmail.com,18509642545,,Canceled,$6.00 ,6/6/2025,,$0.00 ,,Text Message,1,$0.00 ,None,
inv:0-ChBBSAzqgt0AvuQC5ysRp7QAEKgM,6/5/2025,Eastern Time (US & Canada),#0131,Larry Harper,conTactlarryjr@gmail.com,19048700636,,Paid,$347.75 ,6/4/2025,6/6/2025,$347.75 ,,Text Message,1,$0.00 ,None,
inv:0-ChD_Akfatb0PSRMCsXlK53mDEKgM,4/15/2025,Eastern Time (US & Canada),#0114,Larry Harper,conTactlarryjr@gmail.com,19048700636,ME SPLASHDOWN MV WeekEnd,Refunded,$500.00 ,6/28/2025,4/15/2025,$500.00 ,,Text Message,2,$0.00 ,None,6/21/2025
inv:0-ChAdNPirJpocIZ0mJXzCVxqtEKgM,4/14/2025,Eastern Time (US & Canada),#0116,Sony,,17866373119,Baby Shower Photo X Video Package,Canceled,$802.50 ,4/12/2025,,$0.00 ,,Text Message,1,$0.00 ,None,5/10/2025
inv:0-ChD05C-FZ6HzFbdQ9n_xNG68EKgM,4/14/2025,Eastern Time (US & Canada),#0117,Deidre Dume,deidredume@gmail.com,19542423797,Dee's Graduation Photoshoot,Canceled,$214.00 ,4/12/2025,,$0.00 ,,Text Message,1,$0.00 ,None,4/15/2025
inv:0-ChBSlMyBmJhZpbvqnOCbP965EKgM,4/8/2025,Eastern Time (US & Canada),#0115,BaggBoyyChris,Tclarkechris@gmail.com,17865970417,,Canceled,$350.00 ,5/4/2025,4/8/2025,$175.00 ,,Text Message,2,$0.00 ,None,4/19/2025
inv:0-ChC9iiTW5UHugg6TAvhbULc9EKgM,3/20/2025,Eastern Time (US & Canada),#0113,Sarina Pearson,,18506310515,Kadens Photoshoot,Paid,$107.00 ,3/20/2025,3/20/2025,$107.00 ,,Text Message,1,$0.00 ,None,3/23/2025
inv:0-ChA-CThtFNgVDkaGjbDuJ7BBEKgM,3/19/2025,Eastern Time (US & Canada),#0112,Morgan,morgthecreative@outlook.com,12403777062,Chaz Branding Photos x Videos,Paid,$267.50 ,3/19/2025,3/21/2025,$267.50 ,,Text Message,1,$0.00 ,None,3/22/2025
inv:0-ChBr_n7g2s11liBsvNha6Sx1EKgM,3/17/2025,Eastern Time (US & Canada),#0111,Jarrod Lawson,jll3174@yahoo.com,(850) 345-1717,2k25 Graduation Treatment,Paid,$428.00 ,3/17/2025,3/17/2025,$428.00 ,,Text Message,1,$0.00 ,None,5/16/2025
inv:0-ChBrxd5xQcpVJ1vKVQanmggzEKgM,3/14/2025,Eastern Time (US & Canada),#0110,martin price,martinmjpricejr@gmail.com,18509642545,MGFilms Productions Video Shoot,Paid,$500.00 ,3/14/2025,3/14/2025,$500.00 ,,Email,1,$0.00 ,None,3/28/2025
inv:0-ChC-G32fn1Lh6x4-rP4a0TKkEKgM,2/21/2025,Eastern Time (US & Canada),#0109,Tyler Ashley,tylerkjashley@gmail.com,(407) 437-1920,ME Probate Recap,Paid,$267.50 ,2/21/2025,2/21/2025,$267.50 ,,Text Message,1,$0.00 ,None,3/1/2025
inv:0-ChBQjBvhfKqzrk_TK2CXBJKwEKgM,2/12/2025,Eastern Time (US & Canada),#0108,Xavier Christian,xavier.christian0214@outlook.com,(407) 591-6204,ME Probate Recap,Canceled,$267.50 ,2/12/2025,,$0.00 ,,Text Message,1,$0.00 ,None,3/1/2025
inv:0-ChA9Rp_XLrRthbkP0ihvIljYEKgM,2/4/2025,Eastern Time (US & Canada),#0104,Jonathan,,19548264766,Junior Campaign Package,Paid,$428.00 ,2/4/2025,2/4/2025,$428.00 ,,Text Message,2,$0.00 ,None,2/4/2025
inv:0-ChA_YFDWhiAiXqwW3owqPcW-EKgM,2/4/2025,Eastern Time (US & Canada),#0107,Max Maxwell,,15618083604,KOG Music Video Package,Paid,$588.50 ,2/2/2025,2/5/2025,$588.50 ,,Text Message,2,$0.00 ,None,2/2/2025
inv:0-ChBPd1B3trTBKzQc5XEneM5kEKgM,1/29/2025,Eastern Time (US & Canada),#0106,Baileigh Jahnaee,baileighjanae04@gmail.com,19042199915,Ruby Campaign Package,Refunded,$374.50 ,2/2/2025,2/3/2025,$374.50 ,,Email,2,$0.00 ,None,2/2/2025
inv:0-ChDA4u8FnnCwrlbZIdgKkqUfEKgM,1/29/2025,Eastern Time (US & Canada),#0105,Carlise Crimbley,,18509339287,Vegas Wedding Package,Canceled,$800.00 ,1/29/2025,,$0.00 ,,Text Message,5,$0.00 ,None,10/13/2025
inv:0-ChBg_L52JJRwr9UTvrBCYgWREKgM,1/27/2025,Eastern Time (US & Canada),#0103,Joseph,,19124391138,,Paid,$374.50 ,1/31/2025,2/4/2025,$374.50 ,,Text Message,2,$0.00 ,None,
inv:0-ChCwSG0hP1r5UhH67_5hycV9EKgM,1/27/2025,Eastern Time (US & Canada),#0102,Mykala,,19126720416,Junior Campaign Package,Paid,$374.50 ,2/1/2025,2/4/2025,$374.50 ,,Text Message,2,$0.00 ,None,2/8/2025
inv:0-ChCIfPUDJ7OgME5stxVOt7dtEKgM,1/27/2025,Eastern Time (US & Canada),#0101,Jeffrey Francis,jeffreyfrancis4@gmail.com,(904) 864-5189,MrFamu Campaign 2k25,Refunded,$481.50 ,2/1/2025,1/29/2025,$481.50 ,,Text Message,2,$0.00 ,None,1/28/2025
inv:0-ChDRJ4W65S5OX_ZmZoHlUvRHEKgM,1/10/2025,Eastern Time (US & Canada),#0093,Dusse,,14482018423,Dusse Bday Video,Canceled,$300.00 ,12/15/2024,12/1/2024,$150.00 ,,Text Message,2,$0.00 ,None,4/5/2025
inv:0-ChBfjaawb82n12Emgc53aXDsEKgM,1/9/2025,Eastern Time (US & Canada),#0100,Terrell Shealy,shealyterrell@gmail.com,,Status Event Coverage,Canceled,$191.42 ,1/9/2025,,$0.00 ,,Email,1,$0.00 ,None,
inv:0-ChAqNYb9eezEy8RY0gMwF7-FEKgM,1/6/2025,Eastern Time (US & Canada),#0099,Solo Blac,blacgottimusik@gmail.com,13059267052,Real Sistus PT 2,Paid,$187.25 ,1/6/2025,1/10/2025,$187.25 ,,Email,1,$0.00 ,None,1/11/2025
inv:0-ChAa4UiRW7lyo1xfmTO8aOyhEKgM,12/12/2024,Eastern Time (US & Canada),#0098,Devv,,19047613081,Grads Weekend Event Coverage,Canceled,$160.50 ,12/12/2024,,$0.00 ,,Text Message,1,$0.00 ,None,
inv:0-ChDukCCFlHcOwjbYCMNC6sNlEKgM,12/12/2024,Eastern Time (US & Canada),#0097,Morgan,morgthecreative@outlook.com,12403777062,DST 1 Year Short Film,Paid,$214.00 ,12/12/2024,12/24/2024,$214.00 ,,Text Message,1,$0.00 ,None,1/12/2025
inv:0-ChDnAmv4s3fFblsZHdvPpEFkEKgM,12/5/2024,Eastern Time (US & Canada),#0096,Ashley Elliot,poweredbydex@gmail.com,,,Paid,"$4,300.00 ",12/5/2024,12/5/2024,"$4,300.00 ",,Email,1,$0.00 ,None,
inv:0-ChDnN6Hf0d03d85emznLFx4UEKgM,12/5/2024,Eastern Time (US & Canada),#0095,Betty,poweredbydex@gmail.com,,,Paid,"$2,500.00 ",12/5/2024,12/5/2024,"$2,500.00 ",,Email,1,$0.00 ,None,
inv:0-ChAZNTr5uCY1zDHnTp4Sm3Q8EKgM,12/5/2024,Eastern Time (US & Canada),#0094,Giffry A,,17868004500,Giffry Police Academy Graduation,Paid,$535.00 ,12/5/2024,12/5/2024,$535.00 ,,Text Message,1,$0.00 ,None,
inv:0-ChCwOTNQufTYMhZTCvUWkFf-EKgM,11/24/2024,Eastern Time (US & Canada),#0091,Devv,,19047613081,,Paid,$481.50 ,11/24/2024,12/1/2024,$481.50 ,,Text Message,1,$0.00 ,None,
inv:0-ChDk33M_LzCV2rnEFke7zeXYEKgM,11/20/2024,Eastern Time (US & Canada),#0090,Mark Nicolas,,13059223912,Dance Video Promo,Paid,$107.00 ,11/20/2024,11/21/2024,$107.00 ,,Text Message,1,$0.00 ,None,
inv:0-ChCcEZy6PnMGk4oEIDZSSF-7EKgM,11/6/2024,Eastern Time (US & Canada),#0089,JaQuan Hale,,18505309086,ME STEP SHOW CONTENT,Canceled,$428.00 ,11/6/2024,,$0.00 ,,Text Message,1,$0.00 ,None,11/10/2024
inv:0-ChCSmkNr_odpaMdaUIbMC63OEKgM,11/5/2024,Eastern Time (US & Canada),#0088,Jeremiah Hopkins,elhadje1.diallo@famu.edu,15404467328,PBM Love Island Video Shoot,Paid,$695.50 ,11/5/2024,11/5/2024,$695.50 ,,Email,1,$0.00 ,None,11/9/2024
inv:0-ChB4I5OGP7jAxbR0Gs5WVlmbEKgM,10/24/2024,Eastern Time (US & Canada),#0087,Chandler Swann,,14047405082,AXi Step Show Promo,Canceled,$909.50 ,10/24/2024,,$0.00 ,,Text Message,1,$0.00 ,None,
inv:0-ChB96RUqwo_-OqBFNG8Crs7SEKgM,10/21/2024,Eastern Time (US & Canada),#0085,zyzy,,18508796562,2011 FORD FOCUS,Canceled,"$2,700.00 ",10/21/2024,,$0.00 ,,Text Message,1,$0.00 ,None,
inv:0-ChCXQ43niAAur0p2QerbGUk7EKgM,10/21/2024,Eastern Time (US & Canada),#0084,Chyanne Astro,,19042341590,Astro Branding Video Shoot,Canceled,$150.00 ,10/21/2024,,$0.00 ,,Text Message,1,$0.00 ,None,
inv:0-ChBOZIzbUpZxJ8yAR7NlgWU-EKgM,10/15/2024,Eastern Time (US & Canada),#0082,Mercedez Moore,mercedez@HANDBERRYCREATIVE.COM,,CONTENT CREATION PACK,Paid,"$1,230.50 ",10/30/2024,12/5/2024,"$1,230.50 ",,Email,2,$0.00 ,None,11/1/2024
inv:0-ChDlu85YTC4lJSRxF0YUZdSZEKgM,10/1/2024,Eastern Time (US & Canada),#0081,Jazzlyn Upson,,15716178951,Ruby Capaign Video Package,Paid,$200.00 ,10/1/2024,10/1/2024,$200.00 ,,Text Message,1,$0.00 ,None,9/26/2024
inv:0-ChAQsY48K5c_Q38wokeZY8XiEKgM,10/1/2024,Eastern Time (US & Canada),#0080,Jessiyah Victorin,,15619549025,Jessiyah Victorin Campign Shoot,Paid,$294.25 ,10/1/2024,10/1/2024,$294.25 ,,Text Message,1,$0.00 ,None,10/3/2024
inv:0-ChBHNarhmgAZN5avLzNhJJBpEKgM,9/23/2024,Eastern Time (US & Canada),#0079,Jazzlyn Upson,,15716178951,Ruby Capaign Video Package,Canceled,$200.00 ,9/23/2024,,$0.00 ,,Text Message,1,$0.00 ,None,9/26/2024
inv:0-ChCH0ncHibtxPSMWGZh96GNvEKgM,9/23/2024,Eastern Time (US & Canada),#0078,Kahlil O,,19042281620,Ruby Campaign Package,Paid,$374.50 ,9/23/2024,9/24/2024,$374.50 ,,Text Message,1,$0.00 ,None,9/25/2024
inv:0-ChC3pr6DZounI2mmusJ0YufmEKgM,9/23/2024,Eastern Time (US & Canada),#0077,Jessiyah Victorin,,15619549025,Jessiyah Victorin Campign Shoot,Canceled,$294.25 ,9/23/2024,,$0.00 ,,Text Message,1,$0.00 ,None,
inv:0-ChCATFjq1dhlNcVCWCbey-4BEKgM,9/23/2024,Eastern Time (US & Canada),#0076,Max Maxwell,,15618083604,Happy Birthday FAMU Video Shoot,Paid,$450.00 ,9/23/2024,9/23/2024,$450.00 ,,Text Message,1,$0.00 ,None,9/24/2024
inv:0-ChBRaEn_0kEDuvP0E_nKm3dOEKgM,9/15/2024,Eastern Time (US & Canada),#0074,KIKI,kiara.tompkins0598@gmail.com,14043896401,Short Form Content,Paid,$100.00 ,9/15/2024,9/15/2024,$100.00 ,,Email,1,$0.00 ,None,
inv:0-ChD_T6xrOhQr4a2O5Nr-m2P_EKgM,9/15/2024,Eastern Time (US & Canada),#0073,KIKI,,14043896401,Short Form Content,Canceled,$100.00 ,9/15/2024,,$0.00 ,,Text Message,1,$0.00 ,None,
inv:0-ChA98XlTxoPjdkF4CN7CNv0rEKgM,9/15/2024,Eastern Time (US & Canada),#0072,Guap OAF,,19048964360,OAF - THURSDAY NIGHT EVENT,Paid,$225.00 ,9/15/2024,9/15/2024,$225.00 ,,Text Message,1,$0.00 ,None,9/19/2024
inv:0-ChCxSsnJlW6Mom1w7jSoszpWEKgM,9/8/2024,Eastern Time (US & Canada),#0070,Solo Black,,13059267052,Ruby Video Package,Canceled,$350.00 ,9/8/2024,,$0.00 ,,Text Message,2,$0.00 ,None,9/28/2024
inv:0-ChBqZ1VzxkShwI6bjskZvmkzEKgM,9/3/2024,Eastern Time (US & Canada),#0068,Larry France,larry2.lafrance@famu.edu,14047405082,Kourt Kase Promo Video,Paid,$350.00 ,9/3/2024,9/3/2024,$350.00 ,,Email,1,$0.00 ,None,
inv:0-ChBIBofeGgYYlLBGFbhtGuxkEKgM,8/29/2024,Eastern Time (US & Canada),#0066,FL Rami,,17866337503,Diamond Video Package,Canceled,$700.00 ,8/29/2024,,$0.00 ,,Text Message,1,$0.00 ,None,
inv:0-ChBwHRlcpRbto87CX_jDK4aSEKgM,8/29/2024,Eastern Time (US & Canada),#0065,G2,,17727665405,Ruby Video Package,Paid,$250.00 ,8/29/2024,8/30/2024,$250.00 ,,Text Message,1,$0.00 ,None,
inv:0-ChAsogsp5B_B9JYxmtHEbqa1EKgM,8/27/2024,Eastern Time (US & Canada),#0064,Jr,,12296276577,Ruby Video Package,Canceled,$350.00 ,8/27/2024,,$0.00 ,,Text Message,1,$0.00 ,None,
inv:0-ChCqqPgpXNt2A8-wKdwzk6VtEKgM,8/24/2024,Eastern Time (US & Canada),#0062,Persona,,14482138634,,Canceled,$500.00 ,8/24/2024,,$0.00 ,,Text Message,1,$0.00 ,None,10/12/2024
inv:0-ChDsFQIYWnms4ZaneuPiiSf5EKgM,8/21/2024,Eastern Time (US & Canada),#0061,Demetria,,19413348500,Maternity Photoshoot,Canceled,$300.00 ,8/21/2024,,$0.00 ,,Text Message,1,$0.00 ,None,9/3/2024
inv:0-ChAafKQit1F_T0N_nXwT9aaIEKgM,8/19/2024,Eastern Time (US & Canada),#0060,Brianna,ldi.ufbsu@gmail.com,19543097488,EXPRESS EDITS ADD ON,Paid,$75.00 ,8/19/2024,8/19/2024,$75.00 ,,Text Message,1,$0.00 ,None,
inv:0-ChDTh5bPmqb9ZWHhAzC_PoEFEKgM,8/16/2024,Eastern Time (US & Canada),#0055,Dylan Gibson,g2entandbooking@gmail.com,17727665405,G2 Event Coverage,Paid,$250.00 ,8/2/2024,8/19/2024,$250.00 ,,Text Message,1,$0.00 ,None,
inv:0-ChDXKttQKzLxEnUNMkhtGghQEKgM,8/9/2024,Eastern Time (US & Canada),#0059,Brianna,ldi.ufbsu@gmail.com,19543097488,UF BSU - Directors Promo Video,Paid,$500.00 ,8/11/2024,8/9/2024,$500.00 ,,Email,1,$0.00 ,None,8/18/2024
inv:0-ChCJR42c1FHVdxQ056HEVAKIEKgM,8/7/2024,Eastern Time (US & Canada),#0058,Papa Nyne,,14044494797,Papa Nyne ATL Weekend,Canceled,$350.00 ,9/6/2024,8/9/2024,$200.00 ,,Text Message,2,$0.00 ,None,8/10/2024
inv:0-ChD-n9x9XQUhxPCH4nOTdhyYEKgM,8/3/2024,Eastern Time (US & Canada),#0057,Morgan,morgthecreative@outlook.com,12403777062,Ruby Video Package,Canceled,$200.00 ,8/3/2024,,$0.00 ,,Text Message,1,$0.00 ,None,
inv:0-ChDdCOMesLJXuDOwaxnHdCy9EKgM,8/2/2024,Eastern Time (US & Canada),#0056,Laniece Bates,chvlakartel@gmail.com,15044376601,Performance Coverage,Canceled,$100.00 ,8/2/2024,,$0.00 ,,Text Message,1,$0.00 ,None,8/2/2024
inv:0-ChC4epr45tEGUQO6aB8mEzZ2EKgM,7/28/2024,Eastern Time (US & Canada),#0054,Pango OAF,tylersoto080300@icloud.com,18506129474,OAF Promo Package,Canceled,$500.00 ,7/28/2024,,$0.00 ,,Text Message,1,$0.00 ,None,
inv:0-ChB2v5Nj7BXe_f4zDF708i1FEKgM,7/28/2024,Eastern Time (US & Canada),#0053,Pango OAF,tylersoto080300@icloud.com,12108039804,OAF Promo Package,Canceled,$500.00 ,7/28/2024,,$0.00 ,,Text Message,1,$0.00 ,None,
inv:0-ChB56TsBq3KQ-dbbHKiqSMNdEKgM,7/28/2024,Eastern Time (US & Canada),#0052,Pango OAF,tylersoto080300@icloud.com,12108039804,OAF Promo Package,Canceled,$500.00 ,7/28/2024,,$0.00 ,,Text Message,1,$0.00 ,None,
inv:0-ChD6GFCc66RS0TMLJXvAZs5_EKgM,7/26/2024,Eastern Time (US & Canada),#0051,Pango OAF,,12108039804,OAF Promo Package,Canceled,$500.00 ,7/26/2024,,$0.00 ,,Text Message,1,$0.00 ,None,
inv:0-ChBk0XGb0CzlMZ-_9v0pqIimEKgM,7/22/2024,Eastern Time (US & Canada),#0050,Rakariia,,16823602954,Short Content Creation,Canceled,$150.00 ,7/22/2024,,$0.00 ,,Text Message,1,$0.00 ,None,7/23/2024
inv:0-ChBrz490avzZZiCVgcLTH6W9EKgM,7/20/2024,Eastern Time (US & Canada),#0049,Jalil Reed,jalilreed@hotmail.com,18505444021,DIAMOND GRADUATION PACKAGE,Paid,$500.00 ,7/20/2024,7/24/2024,$500.00 ,,Text Message,1,$0.00 ,None,8/24/2024
inv:0-ChDWacjVpXz9We22ynEFCG59EKgM,6/22/2024,Eastern Time (US & Canada),#0036,MGFILMS.PRO,MGFILMS.PRO2016@GMAIL.COM,,MGTech NAS Build & Installation,Canceled,$577.00 ,6/22/2024,,$0.00 ,,Email,1,$0.00 ,None,6/14/2024
inv:0-ChBNXyZGl1m62qCOv8Vxq3hYEKgM,6/21/2024,Eastern Time (US & Canada),#0048,4Wayy Family,Kusznzllc@gmail.com,14485003012,Ruby Video Package,Paid,$350.00 ,6/21/2024,6/21/2024,$350.00 ,,Text Message,1,$0.00 ,None,
inv:0-ChBoWJH6YLXN78u6P1wntdNCEKgM,6/20/2024,Eastern Time (US & Canada),#0046,MGFilms,Chairesakela0121@gmail.com,18506945095,,Canceled,$350.01 ,6/18/2024,,$0.00 ,,Share Manually,1,$0.00 ,None,
inv:0-ChByl9tJtvQd7to50SPsA_hxEKgM,6/20/2024,Eastern Time (US & Canada),#0047,4Wayy Family,tre15arnold@yahoo.com,18508699861,Ruby Video Package,Refunded,$350.00 ,6/20/2024,6/20/2024,$350.00 ,,Text Message,1,$0.00 ,None,
inv:0-ChDTPLfvbe2sZrYxyaTlrgl3EKgM,6/20/2024,Eastern Time (US & Canada),#0045,Shona King,tallyreko@gmail.com,17864610156,Dance Video Promo,Canceled,$200.02 ,6/18/2024,,$0.00 ,,Text Message,1,$0.00 ,None,
inv:0-ChB8oPSjy_najGVF-kiWq7hnEKgM,6/18/2024,Eastern Time (US & Canada),#0044,Dylan Gibson,g2entandbooking@gmail.com,17727665405,Donatation,Paid,$100.00 ,6/18/2024,6/18/2024,$100.00 ,,Text Message,1,$0.00 ,None,
inv:0-ChCYP8hfqEL2RViBcUNAjSNyEKgM,6/15/2024,Eastern Time (US & Canada),#0043,Morgan,tallyreko@gmail.com,12403777062,Dance Video Promo,Canceled,$200.02 ,6/15/2024,,$0.00 ,,Email,1,$0.00 ,None,
inv:0-ChCShmxf8uXpkjth6uB5iTM-EKgM,6/14/2024,Eastern Time (US & Canada),#0042,C3,c3rtifiecl@gmail.com,15613057613,Emerald Video Package,Paid,$500.00 ,6/14/2024,6/14/2024,$500.00 ,,Text Message,1,$0.00 ,None,6/9/2024
inv:0-ChCnRZSSpY9A69rYHWBLOf_KEKgM,6/14/2024,Eastern Time (US & Canada),#0040,C3,c3rtifiecl@gmail.com,15613057613,Emerald Video Package,Refunded,$425.00 ,6/5/2024,6/14/2024,$425.00 ,,Text Message,1,$0.00 ,None,6/9/2024
inv:0-ChD-wnfbS_2MeOgRRQ1VLi9MEKgM,6/6/2024,Eastern Time (US & Canada),#0041,King Kanise,,18506311922,King Kanise - Ruby Video Package,Canceled,$150.01 ,6/6/2024,,$0.00 ,,Text Message,1,$0.00 ,None,
inv:0-ChBmHvU_ilqVubglMtBUZMCaEKgM,6/5/2024,Eastern Time (US & Canada),#0038,Duke,legendaryrecordz@icloud.com,14704299936,Camera Rental,Canceled,$200.20 ,6/5/2024,,$0.00 ,,Text Message,1,$0.00 ,None,6/15/2024
inv:0-ChAwROi_k962J1_9Ns7gdHgQEKgM,6/5/2024,Eastern Time (US & Canada),#0037,Jarrod Lawson,jil3174@yahoo.com,18503451717,MegaSlide Deluxe: 100+ Photo Slideshow Package,Paid,$200.55 ,6/5/2024,6/5/2024,$200.55 ,,Text Message,1,$0.00 ,None,
inv:0-ChA8jteKi8xD6Wi0NIksIykjEKgM,5/15/2024,Eastern Time (US & Canada),#0035,Frantz Demosthenes,f_demosthenes@yahoo.com,17867310158,Video / Photo Event Coverage,Paid,$250.00 ,5/15/2024,5/15/2024,$250.00 ,,Text Message,1,$0.00 ,None,5/24/2024
inv:0-ChBZzb5QVRvO0Vbev_pNF3dYEKgM,4/16/2024,Eastern Time (US & Canada),#0034,Jarrod Lawson,jil3174@yahoo.com,18503451717,,Paid,$350.00 ,4/16/2024,4/16/2024,$350.00 ,,Text Message,1,$0.00 ,None,
inv:0-ChDkj1Ugl_LfR4Xsz3EwqFqjEKgM,4/13/2024,Eastern Time (US & Canada),#0028,Dylan Gibson,g2entandbooking@gmail.com,,Emerald Photo Package,Paid,$150.00 ,4/13/2024,4/13/2024,$150.00 ,,Email,1,$0.00 ,None,4/12/2024
inv:0-ChCEcCNuCfrhBqwfgpwjBi5qEKgM,4/2/2024,Eastern Time (US & Canada),#0033,MGFILMS.PRO,MGFILMS.PRO2016@GMAIL.COM,,Emerald Branding Package,Canceled,$350.00 ,4/2/2024,,$0.00 ,,Email,1,$0.00 ,None,
inv:0-ChBiSRo-rbuMtGCKab5U7henEKgM,4/2/2024,Eastern Time (US & Canada),#0032,Xavier Christian,xavier.christian0214@outlook.com,,Pregame Event Coverage,Canceled,$100.00 ,4/2/2024,,$0.00 ,,Email,1,$0.00 ,None,4/19/2024
inv:0-ChDOna2dsuv02wNu3QCQ6nAIEKgM,4/1/2024,Eastern Time (US & Canada),#0031,Dylan Gibson,g2entandbooking@gmail.com,,Maybe Its My Fault - Grad Documentary,Paid,$500.00 ,4/1/2024,4/3/2024,$500.00 ,,Email,1,$0.00 ,None,4/6/2024
inv:0-ChBB9vAh5XUcoc3uJN6lRLmIEKgM,3/28/2024,Eastern Time (US & Canada),#0027,Dylan Gibson,g2entandbooking@gmail.com,,Emerald Photo Package,Paid,$150.00 ,3/28/2024,3/30/2024,$150.00 ,,Email,1,$0.00 ,None,3/29/2024
inv:0-ChBiWTgyCyeFIhSUgIuA2_D0EKgM,3/25/2024,Eastern Time (US & Canada),#0030,Kaleb,kaleb32897@gmail.com,19042344782,PBS - SPRG 2K24 Event Video Promo Package,Paid,$400.00 ,3/25/2024,3/26/2024,$400.00 ,,Text Message,1,$0.00 ,None,
inv:0-ChBUA4saSwaMng1piSIuwDTjEKgM,3/25/2024,Eastern Time (US & Canada),#0029,Caleb Wilkerson,Calebwilkerson0927@gmail.com,17735732768,Diamond Music Video Package,Canceled,$535.00 ,3/25/2024,,$0.00 ,,Email,1,$0.00 ,None,4/3/2024
inv:0-ChC_fYs_cyaPLgZkU3QjKRNAEKgM,3/22/2024,Eastern Time (US & Canada),#0026,Dylan Gibson,g2entandbooking@gmail.com,,Emerald Photo Package,Paid,$150.00 ,3/22/2024,3/23/2024,$150.00 ,,Email,1,$0.00 ,None,3/20/2024
inv:0-ChCWaMYdCCq9rOvUY-qk89kTEKgM,3/20/2024,Eastern Time (US & Canada),#0025,Dylan Gibson,g2entandbooking@gmail.com,,Emerald Photo Package,Paid,$150.00 ,3/20/2024,3/20/2024,$150.00 ,,Email,1,$0.00 ,None,3/20/2024
inv:0-ChCPwzqYY3MGQZJEC7D9x-iFEKgM,3/19/2024,Eastern Time (US & Canada),#0024,Dylan Gibson,g2entandbooking@gmail.com,,G2 ENT - SPRING BREAK COVERAGE,Canceled,$642.00 ,3/19/2024,,$0.00 ,,Email,1,$0.00 ,None,
inv:0-ChCEDN8dou4EgT1P1MVT4VmvEKgM,3/12/2024,Eastern Time (US & Canada),#0023,Jcorion johnson,jcorion.johnson@gmail.com,12053815288,FACES Modeling Troupe Video,Canceled,$400.00 ,3/12/2024,,$0.00 ,,Email,2,$0.00 ,None,3/18/2024
inv:0-ChDLBJ0pKJnnIBqO0O08jX3REKgM,3/10/2024,Eastern Time (US & Canada),#0016,Laela Watermalone,laelamalone1996@gmail.com,17862862634,Photo & Video Package,Canceled,$0.01 ,3/6/2024,,$0.00 ,,Email,1,$0.00 ,None,
inv:0-ChCD8JFOwGVOND1XUdMKkfB7EKgM,3/9/2024,Eastern Time (US & Canada),#0022,Xavier Christian,xavier.christian0214@outlook.com,,TOXIC WASTE - EVENT VIDEO PROMO,Paid,$400.00 ,3/9/2024,3/12/2024,$400.00 ,,Email,1,$0.00 ,None,
inv:0-ChA0HkJLRW__Zy32vPlQdtkTEKgM,3/9/2024,Eastern Time (US & Canada),#0021,MGFILMS.PRO,MGFILMS.PRO2016@GMAIL.COM,,Aliayh Photo Shoot,Canceled,$250.00 ,3/9/2024,,$0.00 ,,Email,1,$0.00 ,None,
inv:0-ChB9939lYn_PxF9DmP6aR99LEKgM,3/9/2024,Eastern Time (US & Canada),#0020,Kaleb,kaleb32897@gmail.com,19042344782,PBS - SPRG 2K24 Event Video Promo Package,Canceled,$400.00 ,3/9/2024,,$0.00 ,,Text Message,1,$0.00 ,None,
inv:0-ChA_XHOcA5jIBtXXKeDdJeX9EKgM,3/9/2024,Eastern Time (US & Canada),#0019,Dean verret,verretdean@gmail.com,,Emerald Probate/Event Promo,Paid,$550.00 ,3/9/2024,3/10/2024,$550.00 ,,Email,1,$0.00 ,None,
inv:0-ChC5XMUUz5PTidtnC_AqMyG5EKgM,3/8/2024,Eastern Time (US & Canada),#0018,Christian Reynolds,Christianreynolds919@gmail.com,17542040576,,Paid,$650.00 ,3/8/2024,3/10/2024,$650.00 ,,Email,1,$0.00 ,None,
inv:0-ChCiIeI-dTEkHc_uXTksUim8EKgM,3/7/2024,Eastern Time (US & Canada),#0017,FAMU PBM Chapter,FAMU@pbm1989.org,,Short Film,Paid,$400.00 ,3/7/2024,3/7/2024,$400.00 ,,Email,1,$0.00 ,None,
inv:0-ChD8GYYQfncsx8sak9sKgLyvEKgM,2/21/2024,Eastern Time (US & Canada),#0009,Nancy Oâ€™Farrell,nancyofarrell047@gmail.com,18505093475,Feb 25th Event Coverage,Paid,$250.00 ,2/21/2024,2/21/2024,$250.00 ,,Email,1,$0.00 ,None,
inv:0-ChCxKkEGvFKbox15zy34Qx8yEKgM,2/15/2024,Eastern Time (US & Canada),#0008,Devv,,19047613081,VDay Roof Party,Paid,$200.00 ,2/15/2024,2/15/2024,$200.00 ,,Text Message,1,$0.00 ,None,2/16/2024
inv:0-ChCjUva3emikOfDqTrshDpQFEKgM,1/30/2024,Eastern Time (US & Canada),#0007,ARIYANA M,,14043225539,Photography EEdit Add on,Paid,$40.00 ,1/30/2024,1/30/2024,$40.00 ,,Text Message,1,$0.00 ,None,
inv:0-ChAMGab7lah2zLeroxSEmD9dEKgM,1/30/2024,Eastern Time (US & Canada),#0006,Zy,,12295701325,,Paid,$100.00 ,1/30/2024,1/30/2024,$100.00 ,,Text Message,1,$0.00 ,None,
inv:0-ChCiFefAZdu_pJ5EfRh3wXXTEKgM,1/19/2024,Eastern Time (US & Canada),#0005,JORDYN NELLOMS,,18506924550,85 MM LENES,Paid,$150.00 ,1/19/2024,1/19/2024,$150.00 ,,Text Message,1,$0.00 ,None,
inv:0-ChBj6wCUOxvC2IHWADhuwH7IEKgM,12/12/2023,Eastern Time (US & Canada),#0004,Alpha Xi,larry2.lafrance@famu.edu,,Emerald Package Edits,Paid,$125.00 ,12/12/2023,12/12/2023,$125.00 ,,Email,1,$0.00 ,None,
inv:0-ChDbWsVgAekI_jfPwutZtSzmEKgM,11/30/2023,Eastern Time (US & Canada),#0003,Jeremiah Hopkins,jeremiah1.hopkins@famu.edu,,EDITING,Paid,$350.00 ,11/30/2023,12/1/2023,$350.00 ,,Email,1,$0.00 ,None,
inv:0-ChDy7gI6-w1hPED6KkOpTvv9EKgM,11/4/2023,Eastern Time (US & Canada),#0001,Larry France,larry2.lafrance@famu.edu,14047405082,Editing Services,Paid,$337.50 ,11/4/2023,11/5/2023,$337.50 ,,Text Message,1,$0.00 ,None,11/23/2023
